STATE,COUNTY,DISTRICT,
01,001,2,
01,003,1,
01,005,2,
01,007,6,
01,009,4,
01,009,6,
01,011,2,
01,013,2,
01,015,3,
01,017,3,
01,019,3,
01,019,4,
01,021,6,
01,023,7,
01,025,1,
01,025,7,
01,027,3,
01,029,3,
01,031,2,
01,033,4,
01,035,2,
01,037,6,
01,039,2,
01,041,2,
01,043,4,
01,045,2,
01,047,7,
01,049,4,
01,051,2,
01,053,1,
01,055,4,
01,057,4,
01,059,4,
01,061,2,
01,063,7,
01,065,7,
01,067,2,
01,069,2,
01,071,4,
01,071,5,
01,073,6,
01,073,7,
01,075,4,
01,077,5,
01,079,4,
01,081,3,
01,083,5,
01,085,7,
01,087,3,
01,089,5,
01,091,7,
01,093,4,
01,095,4,
01,097,1,
01,099,1,
01,101,2,
01,101,3,
01,101,7,
01,103,5,
01,105,7,
01,107,7,
01,109,2,
01,111,3,
01,113,3,
01,115,3,
01,117,6,
01,119,7,
01,121,3,
01,123,3,
01,125,4,
01,125,7,
01,127,4,
01,129,1,
01,131,7,
01,133,4,
04,001,1,
04,003,2,
04,005,1,
04,007,1,
04,007,4,
04,009,1,
04,011,1,
04,012,4,
04,013,1,
04,013,3,
04,013,4,
04,013,5,
04,013,6,
04,013,7,
04,013,8,
04,013,9,
04,015,1,
04,015,4,
04,017,1,
04,019,1,
04,019,2,
04,019,3,
04,021,1,
04,021,3,
04,021,4,
04,023,3,
04,025,1,
04,025,4,
04,027,3,
04,027,4,
05,001,1,
05,003,4,
05,005,1,
05,007,3,
05,009,3,
05,011,4,
05,013,4,
05,015,3,
05,017,1,
05,019,4,
05,021,1,
05,023,1,
05,025,4,
05,027,4,
05,029,2,
05,031,1,
05,033,3,
05,033,4,
05,035,1,
05,037,1,
05,039,4,
05,041,1,
05,043,4,
05,045,2,
05,047,4,
05,049,1,
05,051,4,
05,053,4,
05,055,1,
05,057,4,
05,059,4,
05,061,4,
05,063,1,
05,065,1,
05,067,1,
05,069,1,
05,069,4,
05,071,4,
05,073,4,
05,075,1,
05,077,1,
05,079,1,
05,081,4,
05,083,4,
05,085,1,
05,087,4,
05,089,3,
05,091,4,
05,093,1,
05,095,1,
05,097,4,
05,099,4,
05,101,3,
05,101,4,
05,103,4,
05,105,2,
05,107,1,
05,109,4,
05,111,1,
05,113,4,
05,115,3,
05,117,1,
05,119,2,
05,121,1,
05,123,1,
05,125,2,
05,127,4,
05,129,1,
05,129,3,
05,131,3,
05,131,4,
05,133,4,
05,135,1,
05,137,1,
05,139,4,
05,141,2,
05,143,3,
05,145,2,
05,147,1,
05,149,4,
06,001,13,
06,001,15,
06,001,17,
06,003,4,
06,005,4,
06,007,1,
06,009,4,
06,011,3,
06,013,5,
06,013,9,
06,013,11,
06,013,15,
06,015,2,
06,017,4,
06,019,4,
06,019,16,
06,019,21,
06,019,22,
06,021,1,
06,021,3,
06,023,2,
06,025,51,
06,027,8,
06,029,21,
06,029,23,
06,031,21,
06,033,3,
06,033,5,
06,035,1,
06,037,23,
06,037,25,
06,037,26,
06,037,27,
06,037,28,
06,037,29,
06,037,30,
06,037,32,
06,037,33,
06,037,34,
06,037,35,
06,037,37,
06,037,38,
06,037,39,
06,037,40,
06,037,43,
06,037,44,
06,037,47,
06,039,4,
06,039,16,
06,041,2,
06,043,4,
06,045,2,
06,047,16,
06,049,1,
06,051,8,
06,053,20,
06,055,5,
06,057,1,
06,057,4,
06,059,38,
06,059,39,
06,059,45,
06,059,46,
06,059,47,
06,059,48,
06,059,49,
06,061,1,
06,061,4,
06,063,1,
06,065,36,
06,065,41,
06,065,42,
06,065,50,
06,067,3,
06,067,6,
06,067,7,
06,067,9,
06,069,20,
06,071,8,
06,071,27,
06,071,31,
06,071,35,
06,071,39,
06,073,49,
06,073,50,
06,073,51,
06,073,52,
06,073,53,
06,075,12,
06,075,13,
06,075,14,
06,077,9,
06,077,10,
06,079,24,
06,081,14,
06,081,18,
06,083,24,
06,085,17,
06,085,18,
06,085,19,
06,085,20,
06,087,18,
06,087,20,
06,089,1,
06,091,1,
06,093,1,
06,095,3,
06,095,5,
06,097,2,
06,097,5,
06,099,10,
06,101,3,
06,103,1,
06,105,2,
06,107,21,
06,107,22,
06,107,23,
06,109,4,
06,111,24,
06,111,25,
06,111,26,
06,111,30,
06,113,3,
06,113,6,
06,115,3,
08,001,4,
08,001,6,
08,001,7,
08,003,3,
08,005,1,
08,005,4,
08,005,6,
08,007,3,
08,009,4,
08,011,4,
08,013,2,
08,013,4,
08,014,2,
08,015,5,
08,017,4,
08,019,2,
08,021,3,
08,023,3,
08,025,4,
08,027,3,
08,029,3,
08,031,1,
08,033,3,
08,035,4,
08,035,6,
08,037,2,
08,037,3,
08,039,4,
08,041,5,
08,043,5,
08,045,3,
08,047,2,
08,049,2,
08,051,3,
08,053,3,
08,055,3,
08,057,3,
08,059,1,
08,059,2,
08,059,7,
08,061,4,
08,063,4,
08,065,3,
08,067,3,
08,069,2,
08,071,4,
08,073,4,
08,075,4,
08,077,3,
08,079,3,
08,081,3,
08,083,3,
08,085,3,
08,087,4,
08,089,4,
08,091,3,
08,093,2,
08,093,5,
08,095,4,
08,097,3,
08,099,4,
08,101,3,
08,103,3,
08,105,3,
08,107,3,
08,109,3,
08,111,3,
08,113,3,
08,115,4,
08,117,2,
08,119,5,
08,121,4,
08,123,2,
08,123,4,
08,125,4,
09,001,3,
09,001,4,
09,001,5,
09,003,1,
09,003,2,
09,003,5,
09,005,1,
09,005,5,
09,007,1,
09,007,2,
09,007,3,
09,009,2,
09,009,3,
09,009,4,
09,009,5,
09,011,2,
09,013,2,
09,015,2,
12,001,3,
12,003,5,
12,005,2,
12,007,3,
12,009,8,
12,011,20,
12,011,22,
12,011,23,
12,011,24,
12,013,2,
12,015,17,
12,017,11,
12,019,3,
12,021,19,
12,021,25,
12,023,2,
12,023,5,
12,027,17,
12,029,2,
12,031,4,
12,031,5,
12,033,1,
12,035,6,
12,037,2,
12,039,5,
12,041,2,
12,043,17,
12,045,2,
12,047,5,
12,049,17,
12,051,25,
12,053,11,
12,055,17,
12,057,12,
12,057,14,
12,057,15,
12,057,16,
12,059,1,
12,059,2,
12,061,8,
12,063,2,
12,065,2,
12,065,5,
12,067,2,
12,069,6,
12,069,11,
12,069,15,
12,071,17,
12,071,19,
12,073,2,
12,073,5,
12,075,2,
12,077,2,
12,079,5,
12,081,16,
12,083,2,
12,083,3,
12,083,11,
12,085,18,
12,086,23,
12,086,24,
12,086,25,
12,086,26,
12,086,27,
12,087,26,
12,089,4,
12,091,1,
12,093,17,
12,095,7,
12,095,8,
12,095,9,
12,095,10,
12,097,9,
12,099,18,
12,099,20,
12,099,21,
12,099,22,
12,101,12,
12,103,12,
12,103,13,
12,105,9,
12,105,15,
12,105,17,
12,107,3,
12,109,4,
12,109,6,
12,111,18,
12,113,1,
12,115,16,
12,115,17,
12,117,7,
12,119,11,
12,121,2,
12,123,2,
12,125,3,
12,127,6,
12,129,2,
12,131,1,
12,133,2,
13,001,12,
13,003,8,
13,005,1,
13,007,2,
13,009,10,
13,011,9,
13,013,10,
13,015,11,
13,017,8,
13,019,8,
13,021,2,
13,021,8,
13,023,8,
13,025,1,
13,027,8,
13,029,1,
13,031,12,
13,033,12,
13,035,10,
13,037,2,
13,039,1,
13,043,12,
13,045,3,
13,047,14,
13,049,1,
13,051,1,
13,053,2,
13,055,14,
13,057,11,
13,059,9,
13,059,10,
13,061,2,
13,063,5,
13,063,13,
13,065,1,
13,067,6,
13,067,11,
13,067,13,
13,069,12,
13,071,8,
13,073,10,
13,073,12,
13,075,8,
13,077,3,
13,079,2,
13,081,2,
13,083,14,
13,085,9,
13,087,2,
13,089,4,
13,089,5,
13,089,6,
13,091,8,
13,093,2,
13,095,2,
13,097,13,
13,099,2,
13,101,1,
13,103,1,
13,103,12,
13,105,9,
13,107,12,
13,109,12,
13,111,9,
13,113,3,
13,113,13,
13,115,14,
13,117,7,
13,117,9,
13,119,9,
13,121,5,
13,121,6,
13,121,11,
13,121,13,
13,123,9,
13,125,10,
13,127,1,
13,129,14,
13,131,2,
13,133,10,
13,135,4,
13,135,7,
13,135,10,
13,137,9,
13,139,9,
13,141,10,
13,143,14,
13,145,3,
13,147,9,
13,149,3,
13,151,3,
13,151,10,
13,151,13,
13,153,8,
13,155,8,
13,157,9,
13,159,10,
13,161,12,
13,163,10,
13,165,12,
13,167,10,
13,169,8,
13,171,3,
13,173,8,
13,175,12,
13,177,2,
13,179,1,
13,181,10,
13,183,1,
13,185,1,
13,185,8,
13,187,9,
13,189,10,
13,191,1,
13,193,2,
13,195,9,
13,197,2,
13,199,3,
13,201,2,
13,205,2,
13,207,8,
13,209,12,
13,211,10,
13,213,14,
13,215,2,
13,215,3,
13,217,4,
13,217,10,
13,219,10,
13,221,10,
13,223,14,
13,225,2,
13,227,9,
13,227,14,
13,229,1,
13,231,3,
13,233,14,
13,235,8,
13,237,10,
13,239,2,
13,241,9,
13,243,2,
13,245,12,
13,247,4,
13,249,2,
13,251,12,
13,253,2,
13,255,3,
13,257,9,
13,259,2,
13,261,2,
13,263,2,
13,265,10,
13,267,12,
13,269,2,
13,271,8,
13,273,2,
13,275,8,
13,277,8,
13,279,12,
13,281,9,
13,283,12,
13,285,3,
13,287,8,
13,289,8,
13,291,9,
13,293,3,
13,295,14,
13,297,10,
13,299,1,
13,301,10,
13,303,10,
13,305,1,
13,307,2,
13,309,12,
13,311,9,
13,313,14,
13,315,8,
13,317,10,
13,319,8,
13,321,8,
15,001,2,
15,003,1,
15,003,2,
15,005,2,
15,007,2,
15,009,2,
16,001,1,
16,001,2,
16,003,1,
16,005,2,
16,007,2,
16,009,1,
16,011,2,
16,013,2,
16,015,1,
16,017,1,
16,019,2,
16,021,1,
16,023,2,
16,025,2,
16,027,1,
16,029,2,
16,031,2,
16,033,2,
16,035,1,
16,037,2,
16,039,2,
16,041,2,
16,043,2,
16,045,1,
16,047,2,
16,049,1,
16,051,2,
16,053,2,
16,055,1,
16,057,1,
16,059,2,
16,061,1,
16,063,2,
16,065,2,
16,067,2,
16,069,1,
16,071,2,
16,073,1,
16,075,1,
16,077,2,
16,079,1,
16,081,2,
16,083,2,
16,085,1,
16,087,1,
17,001,18,
17,003,12,
17,005,13,
17,005,15,
17,007,16,
17,009,18,
17,011,16,
17,013,13,
17,015,17,
17,017,18,
17,019,13,
17,019,15,
17,021,13,
17,023,15,
17,025,15,
17,027,15,
17,029,15,
17,031,1,
17,031,2,
17,031,3,
17,031,4,
17,031,5,
17,031,6,
17,031,7,
17,031,8,
17,031,9,
17,031,10,
17,031,11,
17,033,15,
17,035,15,
17,037,14,
17,037,16,
17,039,13,
17,041,15,
17,043,3,
17,043,5,
17,043,6,
17,043,8,
17,043,11,
17,043,14,
17,045,15,
17,047,15,
17,049,15,
17,051,15,
17,053,15,
17,053,16,
17,055,12,
17,057,17,
17,059,15,
17,061,13,
17,063,16,
17,065,15,
17,067,18,
17,069,15,
17,071,17,
17,073,17,
17,075,16,
17,077,12,
17,079,15,
17,081,12,
17,083,13,
17,085,17,
17,087,15,
17,089,6,
17,089,8,
17,089,11,
17,089,14,
17,091,2,
17,093,11,
17,093,14,
17,095,17,
17,097,6,
17,097,10,
17,097,14,
17,099,16,
17,101,15,
17,103,16,
17,105,16,
17,107,18,
17,109,18,
17,111,6,
17,111,14,
17,113,13,
17,113,18,
17,115,13,
17,117,13,
17,119,12,
17,119,13,
17,119,15,
17,121,15,
17,123,18,
17,125,18,
17,127,15,
17,129,18,
17,131,17,
17,133,12,
17,135,13,
17,137,18,
17,139,15,
17,141,16,
17,143,17,
17,143,18,
17,145,12,
17,147,13,
17,149,18,
17,151,15,
17,153,12,
17,155,16,
17,157,12,
17,159,15,
17,161,17,
17,163,12,
17,165,15,
17,167,13,
17,167,18,
17,169,18,
17,171,18,
17,173,15,
17,175,16,
17,175,18,
17,177,17,
17,179,17,
17,179,18,
17,181,12,
17,183,15,
17,185,15,
17,187,17,
17,189,15,
17,191,15,
17,193,15,
17,195,17,
17,197,1,
17,197,2,
17,197,3,
17,197,11,
17,197,14,
17,197,16,
17,199,12,
17,201,16,
17,201,17,
17,203,18,
18,001,3,
18,003,3,
18,005,6,
18,007,4,
18,009,3,
18,009,5,
18,011,4,
18,011,5,
18,013,9,
18,015,4,
18,017,4,
18,019,9,
18,021,8,
18,023,4,
18,025,8,
18,025,9,
18,027,8,
18,029,6,
18,031,6,
18,033,3,
18,035,6,
18,037,8,
18,039,2,
18,041,6,
18,043,9,
18,045,4,
18,047,6,
18,049,2,
18,051,8,
18,053,5,
18,055,8,
18,057,5,
18,059,6,
18,061,9,
18,063,4,
18,065,6,
18,067,4,
18,067,5,
18,069,3,
18,071,9,
18,073,4,
18,075,3,
18,077,6,
18,079,6,
18,081,9,
18,083,8,
18,085,2,
18,085,3,
18,087,3,
18,089,1,
18,091,1,
18,091,2,
18,093,9,
18,095,5,
18,097,5,
18,097,7,
18,099,2,
18,101,8,
18,103,2,
18,105,9,
18,107,4,
18,109,4,
18,109,9,
18,111,4,
18,113,3,
18,115,6,
18,117,9,
18,119,8,
18,121,8,
18,123,8,
18,125,8,
18,127,1,
18,129,8,
18,131,2,
18,133,4,
18,135,6,
18,137,6,
18,139,6,
18,141,2,
18,143,6,
18,143,9,
18,145,6,
18,147,8,
18,149,2,
18,151,3,
18,153,8,
18,155,6,
18,157,4,
18,159,5,
18,161,6,
18,163,8,
18,165,8,
18,167,8,
18,169,2,
18,171,4,
18,173,8,
18,175,9,
18,177,6,
18,179,3,
18,181,4,
18,183,3,
19,001,3,
19,003,3,
19,005,1,
19,007,2,
19,009,4,
19,011,1,
19,013,1,
19,015,4,
19,017,1,
19,019,1,
19,021,4,
19,023,4,
19,025,4,
19,027,4,
19,029,3,
19,031,2,
19,033,4,
19,035,4,
19,037,4,
19,039,2,
19,041,4,
19,043,1,
19,045,2,
19,047,4,
19,049,3,
19,051,2,
19,053,2,
19,055,1,
19,057,2,
19,059,4,
19,061,1,
19,063,4,
19,065,1,
19,067,4,
19,069,4,
19,071,3,
19,073,4,
19,075,4,
19,077,3,
19,079,4,
19,081,4,
19,083,4,
19,085,4,
19,087,2,
19,089,1,
19,091,4,
19,093,4,
19,095,1,
19,097,1,
19,099,2,
19,101,2,
19,103,2,
19,105,1,
19,107,2,
19,109,4,
19,111,2,
19,113,1,
19,115,2,
19,117,2,
19,119,4,
19,121,3,
19,123,2,
19,125,2,
19,127,1,
19,129,3,
19,131,1,
19,133,4,
19,135,2,
19,137,3,
19,139,2,
19,141,4,
19,143,4,
19,145,3,
19,147,4,
19,149,4,
19,151,4,
19,153,3,
19,155,3,
19,157,1,
19,159,3,
19,161,4,
19,163,2,
19,165,4,
19,167,4,
19,169,4,
19,171,1,
19,173,3,
19,175,3,
19,177,2,
19,179,2,
19,181,3,
19,183,2,
19,185,2,
19,187,4,
19,189,4,
19,191,1,
19,193,4,
19,195,1,
19,197,4,
20,001,2,
20,003,2,
20,005,2,
20,007,4,
20,009,1,
20,011,2,
20,013,2,
20,015,4,
20,017,1,
20,019,4,
20,021,2,
20,023,1,
20,025,1,
20,027,1,
20,029,1,
20,031,2,
20,033,4,
20,035,4,
20,037,2,
20,039,1,
20,041,1,
20,043,2,
20,045,2,
20,047,4,
20,049,4,
20,051,1,
20,053,1,
20,055,1,
20,057,1,
20,059,2,
20,061,1,
20,063,1,
20,065,1,
20,067,1,
20,069,1,
20,071,1,
20,073,4,
20,075,1,
20,077,4,
20,079,4,
20,081,1,
20,083,1,
20,085,2,
20,087,2,
20,089,1,
20,091,3,
20,093,1,
20,095,4,
20,097,4,
20,099,2,
20,101,1,
20,103,2,
20,105,1,
20,107,2,
20,109,1,
20,111,1,
20,113,1,
20,115,1,
20,117,1,
20,117,2,
20,119,1,
20,121,2,
20,121,3,
20,123,1,
20,125,2,
20,127,1,
20,129,1,
20,131,2,
20,133,2,
20,135,1,
20,137,1,
20,139,2,
20,141,1,
20,143,1,
20,145,1,
20,145,4,
20,147,1,
20,149,1,
20,151,4,
20,153,1,
20,155,1,
20,157,1,
20,159,1,
20,161,1,
20,163,1,
20,165,1,
20,167,1,
20,169,1,
20,171,1,
20,173,4,
20,175,1,
20,177,2,
20,179,1,
20,181,1,
20,183,1,
20,185,4,
20,187,1,
20,189,1,
20,191,4,
20,193,1,
20,195,1,
20,197,1,
20,199,1,
20,201,1,
20,203,1,
20,205,2,
20,207,2,
20,209,3,
21,001,1,
21,003,1,
21,005,6,
21,007,1,
21,009,2,
21,011,6,
21,013,5,
21,015,4,
21,017,6,
21,019,4,
21,019,5,
21,021,2,
21,023,4,
21,025,5,
21,027,2,
21,029,2,
21,031,2,
21,033,1,
21,035,1,
21,037,4,
21,039,1,
21,041,4,
21,043,5,
21,045,1,
21,047,1,
21,049,6,
21,051,5,
21,053,1,
21,055,1,
21,057,1,
21,059,2,
21,061,2,
21,063,5,
21,065,6,
21,067,6,
21,069,6,
21,071,5,
21,073,6,
21,075,1,
21,077,4,
21,079,2,
21,081,4,
21,083,1,
21,085,2,
21,087,2,
21,089,4,
21,091,2,
21,093,2,
21,095,5,
21,097,4,
21,097,6,
21,099,2,
21,101,1,
21,103,4,
21,105,1,
21,107,1,
21,109,5,
21,111,3,
21,111,4,
21,113,2,
21,113,6,
21,115,5,
21,117,4,
21,119,5,
21,121,5,
21,123,2,
21,125,5,
21,127,5,
21,129,5,
21,131,5,
21,133,5,
21,135,4,
21,137,5,
21,139,1,
21,141,1,
21,143,1,
21,145,1,
21,147,5,
21,149,1,
21,151,6,
21,153,5,
21,155,1,
21,157,1,
21,159,5,
21,161,4,
21,163,2,
21,165,6,
21,167,2,
21,169,1,
21,171,1,
21,173,6,
21,175,5,
21,177,1,
21,179,2,
21,181,6,
21,183,1,
21,185,4,
21,187,4,
21,189,5,
21,191,4,
21,193,5,
21,195,5,
21,197,6,
21,199,5,
21,201,6,
21,203,5,
21,205,5,
21,207,1,
21,209,6,
21,211,4,
21,213,1,
21,215,2,
21,215,4,
21,217,1,
21,219,1,
21,221,1,
21,223,4,
21,225,1,
21,227,2,
21,229,1,
21,229,2,
21,231,5,
21,233,1,
21,235,5,
21,237,6,
21,239,6,
22,001,3,
22,003,4,
22,005,2,
22,005,6,
22,007,2,
22,007,6,
22,009,5,
22,011,4,
22,013,4,
22,015,4,
22,017,4,
22,019,3,
22,021,5,
22,023,3,
22,025,5,
22,027,4,
22,029,5,
22,031,4,
22,033,2,
22,033,6,
22,035,5,
22,037,5,
22,037,6,
22,039,4,
22,041,5,
22,043,5,
22,045,3,
22,047,2,
22,047,6,
22,049,5,
22,051,1,
22,051,2,
22,053,3,
22,055,3,
22,057,1,
22,057,6,
22,059,5,
22,061,5,
22,063,6,
22,065,5,
22,067,5,
22,069,4,
22,071,1,
22,071,2,
22,073,5,
22,075,1,
22,077,6,
22,079,5,
22,081,4,
22,083,5,
22,085,4,
22,087,1,
22,089,2,
22,089,6,
22,091,5,
22,091,6,
22,093,2,
22,095,2,
22,095,6,
22,097,3,
22,097,4,
22,097,5,
22,099,3,
22,101,3,
22,103,1,
22,105,1,
22,105,5,
22,107,5,
22,109,1,
22,109,6,
22,111,4,
22,113,3,
22,115,4,
22,117,5,
22,119,4,
22,121,2,
22,121,6,
22,123,5,
22,125,5,
22,127,5,
23,001,2,
23,003,2,
23,005,1,
23,007,2,
23,009,2,
23,011,1,
23,011,2,
23,013,1,
23,015,1,
23,017,2,
23,019,2,
23,021,2,
23,023,1,
23,025,2,
23,027,2,
23,029,2,
23,031,1,
24,001,6,
24,003,2,
24,003,3,
24,003,4,
24,003,5,
24,005,1,
24,005,2,
24,005,3,
24,005,7,
24,009,5,
24,011,1,
24,013,1,
24,013,8,
24,015,1,
24,017,5,
24,019,1,
24,021,6,
24,021,8,
24,023,6,
24,025,1,
24,025,2,
24,027,2,
24,027,3,
24,027,7,
24,029,1,
24,031,3,
24,031,6,
24,031,8,
24,033,4,
24,033,5,
24,035,1,
24,037,5,
24,039,1,
24,041,1,
24,043,6,
24,045,1,
24,047,1,
24,510,2,
24,510,3,
24,510,7,
25,001,9,
25,003,1,
25,005,4,
25,005,8,
25,005,9,
25,007,9,
25,009,3,
25,009,6,
25,011,1,
25,011,2,
25,013,1,
25,013,2,
25,015,1,
25,015,2,
25,017,3,
25,017,4,
25,017,5,
25,017,6,
25,017,7,
25,019,9,
25,021,2,
25,021,4,
25,021,7,
25,021,8,
25,023,4,
25,023,8,
25,023,9,
25,025,5,
25,025,7,
25,025,8,
25,027,1,
25,027,2,
25,027,3,
25,027,4,
25,027,5,
26,001,1,
26,003,1,
26,005,2,
26,005,6,
26,007,1,
26,009,1,
26,011,5,
26,013,1,
26,015,3,
26,017,5,
26,019,1,
26,021,6,
26,023,7,
26,025,3,
26,027,6,
26,029,1,
26,031,1,
26,033,1,
26,035,4,
26,037,4,
26,039,1,
26,041,1,
26,043,1,
26,045,7,
26,047,1,
26,049,5,
26,051,4,
26,053,1,
26,055,1,
26,057,4,
26,059,7,
26,061,1,
26,063,10,
26,065,8,
26,067,3,
26,069,5,
26,071,1,
26,073,4,
26,075,7,
26,077,6,
26,079,1,
26,081,2,
26,081,3,
26,083,1,
26,085,2,
26,087,10,
26,089,1,
26,091,7,
26,093,8,
26,095,1,
26,097,1,
26,099,9,
26,099,10,
26,101,1,
26,103,1,
26,105,1,
26,105,2,
26,107,4,
26,109,1,
26,111,4,
26,113,4,
26,115,7,
26,117,3,
26,117,4,
26,119,1,
26,121,2,
26,123,2,
26,125,8,
26,125,9,
26,125,11,
26,125,14,
26,127,2,
26,129,4,
26,131,1,
26,133,4,
26,135,1,
26,137,1,
26,139,2,
26,141,1,
26,143,4,
26,145,4,
26,145,5,
26,147,10,
26,149,6,
26,151,10,
26,153,1,
26,155,4,
26,157,5,
26,157,10,
26,159,6,
26,161,7,
26,161,12,
26,163,11,
26,163,12,
26,163,13,
26,163,14,
26,165,4,
27,001,8,
27,003,3,
27,003,5,
27,003,6,
27,005,7,
27,007,7,
27,007,8,
27,009,6,
27,011,7,
27,013,1,
27,015,1,
27,017,8,
27,019,3,
27,019,6,
27,021,8,
27,023,7,
27,025,8,
27,027,7,
27,029,7,
27,031,8,
27,033,1,
27,033,7,
27,035,8,
27,037,2,
27,039,1,
27,041,7,
27,043,1,
27,045,1,
27,047,1,
27,049,2,
27,051,7,
27,053,3,
27,053,5,
27,053,6,
27,055,1,
27,057,8,
27,059,8,
27,061,8,
27,063,1,
27,065,8,
27,067,7,
27,069,7,
27,071,8,
27,073,7,
27,075,8,
27,077,7,
27,079,1,
27,081,7,
27,083,7,
27,085,7,
27,087,7,
27,089,7,
27,091,1,
27,093,7,
27,095,8,
27,097,8,
27,099,1,
27,101,7,
27,103,1,
27,105,1,
27,107,7,
27,109,1,
27,111,7,
27,113,7,
27,115,8,
27,117,7,
27,119,7,
27,121,7,
27,123,4,
27,123,5,
27,125,7,
27,127,7,
27,129,7,
27,131,1,
27,131,2,
27,133,1,
27,135,7,
27,137,8,
27,139,2,
27,141,6,
27,143,7,
27,145,6,
27,145,7,
27,147,1,
27,149,7,
27,151,7,
27,153,7,
27,155,7,
27,157,2,
27,159,8,
27,161,1,
27,163,2,
27,163,4,
27,163,6,
27,165,1,
27,167,7,
27,169,1,
27,171,6,
27,173,7,
28,001,3,
28,003,1,
28,005,3,
28,007,2,
28,009,1,
28,011,2,
28,013,1,
28,015,2,
28,017,1,
28,019,1,
28,021,2,
28,023,3,
28,023,4,
28,025,1,
28,027,2,
28,029,2,
28,031,3,
28,033,1,
28,035,4,
28,037,3,
28,039,4,
28,041,4,
28,043,2,
28,045,4,
28,047,4,
28,049,2,
28,049,3,
28,051,2,
28,053,2,
28,055,2,
28,057,1,
28,059,4,
28,061,3,
28,063,2,
28,065,3,
28,067,4,
28,069,3,
28,071,1,
28,073,4,
28,075,3,
28,077,3,
28,079,2,
28,081,1,
28,083,2,
28,085,3,
28,087,1,
28,089,2,
28,089,3,
28,091,4,
28,093,1,
28,095,1,
28,097,2,
28,099,3,
28,101,3,
28,103,3,
28,105,1,
28,105,3,
28,107,2,
28,109,4,
28,111,4,
28,113,3,
28,115,1,
28,117,1,
28,119,2,
28,121,3,
28,123,3,
28,125,2,
28,127,3,
28,129,3,
28,131,4,
28,133,2,
28,135,2,
28,137,1,
28,139,1,
28,141,1,
28,143,2,
28,145,1,
28,147,3,
28,149,2,
28,151,2,
28,153,4,
28,155,1,
28,157,3,
28,159,1,
28,161,2,
28,163,2,
29,001,6,
29,003,6,
29,005,6,
29,007,4,
29,007,6,
29,009,7,
29,011,4,
29,013,4,
29,015,4,
29,017,8,
29,019,4,
29,021,6,
29,023,8,
29,025,6,
29,027,3,
29,029,3,
29,029,4,
29,031,8,
29,033,6,
29,035,8,
29,037,4,
29,039,4,
29,041,6,
29,043,7,
29,045,6,
29,047,5,
29,047,6,
29,049,6,
29,051,3,
29,053,4,
29,055,8,
29,057,4,
29,059,4,
29,061,6,
29,063,6,
29,065,8,
29,067,8,
29,069,8,
29,071,3,
29,073,3,
29,075,6,
29,077,7,
29,079,6,
29,081,6,
29,083,4,
29,085,4,
29,087,6,
29,089,4,
29,091,8,
29,093,8,
29,095,5,
29,095,6,
29,097,7,
29,099,2,
29,099,3,
29,099,8,
29,101,4,
29,103,6,
29,105,4,
29,107,5,
29,109,7,
29,111,6,
29,113,3,
29,115,6,
29,117,6,
29,119,7,
29,121,6,
29,123,8,
29,125,3,
29,127,6,
29,129,6,
29,131,3,
29,133,8,
29,135,4,
29,137,6,
29,139,3,
29,141,4,
29,143,8,
29,145,7,
29,147,6,
29,149,8,
29,151,3,
29,153,8,
29,155,8,
29,157,8,
29,159,4,
29,161,8,
29,163,6,
29,165,6,
29,167,7,
29,169,4,
29,171,6,
29,173,6,
29,175,4,
29,177,5,
29,179,8,
29,181,8,
29,183,2,
29,183,3,
29,185,4,
29,186,8,
29,187,8,
29,189,1,
29,189,2,
29,195,5,
29,197,6,
29,199,6,
29,201,8,
29,203,8,
29,205,6,
29,207,8,
29,209,7,
29,211,6,
29,213,7,
29,215,8,
29,217,4,
29,219,3,
29,221,8,
29,223,8,
29,225,4,
29,225,7,
29,227,6,
29,229,8,
29,510,1,
31,001,3,
31,003,3,
31,005,3,
31,007,3,
31,009,3,
31,011,3,
31,013,3,
31,015,3,
31,017,3,
31,019,3,
31,021,1,
31,023,1,
31,025,1,
31,027,3,
31,029,3,
31,031,3,
31,033,3,
31,035,3,
31,037,1,
31,039,1,
31,041,3,
31,043,3,
31,045,3,
31,047,3,
31,049,3,
31,051,1,
31,051,3,
31,053,1,
31,055,2,
31,057,3,
31,059,3,
31,061,3,
31,063,3,
31,065,3,
31,067,3,
31,069,3,
31,071,3,
31,073,3,
31,075,3,
31,077,3,
31,079,3,
31,081,3,
31,083,3,
31,085,3,
31,087,3,
31,089,3,
31,091,3,
31,093,3,
31,095,3,
31,097,3,
31,099,3,
31,101,3,
31,103,3,
31,105,3,
31,107,3,
31,109,1,
31,111,3,
31,113,3,
31,115,3,
31,117,3,
31,119,1,
31,121,1,
31,121,3,
31,123,3,
31,125,3,
31,127,3,
31,129,3,
31,131,1,
31,133,3,
31,135,3,
31,137,3,
31,139,3,
31,141,1,
31,143,1,
31,145,3,
31,147,3,
31,149,3,
31,151,3,
31,153,1,
31,153,2,
31,155,1,
31,157,3,
31,159,1,
31,161,3,
31,163,3,
31,165,3,
31,167,1,
31,169,3,
31,171,3,
31,173,1,
31,175,3,
31,177,1,
31,179,3,
31,181,3,
31,183,3,
31,185,3,
32,001,2,
32,003,1,
32,003,3,
32,003,4,
32,005,2,
32,007,2,
32,009,4,
32,011,2,
32,013,2,
32,015,2,
32,017,4,
32,019,2,
32,019,4,
32,021,4,
32,023,4,
32,027,2,
32,029,2,
32,031,2,
32,033,4,
32,510,2,
33,001,1,
33,001,2,
33,003,1,
33,005,2,
33,007,2,
33,009,1,
33,009,2,
33,011,1,
33,011,2,
33,013,1,
33,013,2,
33,015,1,
33,015,2,
33,017,1,
33,019,2,
34,001,2,
34,003,5,
34,003,8,
34,003,9,
34,005,1,
34,005,2,
34,005,3,
34,007,1,
34,007,2,
34,009,2,
34,011,2,
34,013,7,
34,013,8,
34,013,10,
34,013,11,
34,015,1,
34,015,2,
34,017,8,
34,017,9,
34,017,10,
34,019,7,
34,021,4,
34,021,12,
34,023,6,
34,023,12,
34,025,4,
34,025,6,
34,027,7,
34,027,11,
34,029,2,
34,029,3,
34,029,4,
34,031,5,
34,031,9,
34,031,11,
34,033,2,
34,035,7,
34,035,12,
34,037,5,
34,037,11,
34,039,7,
34,039,8,
34,039,10,
34,039,12,
34,041,5,
34,041,7,
35,001,1,
35,001,2,
35,001,3,
35,003,2,
35,005,2,
35,006,2,
35,007,3,
35,009,3,
35,011,2,
35,013,2,
35,015,2,
35,017,2,
35,019,2,
35,021,3,
35,023,2,
35,025,2,
35,027,2,
35,028,3,
35,029,2,
35,031,2,
35,031,3,
35,033,3,
35,035,2,
35,037,3,
35,039,3,
35,041,2,
35,041,3,
35,043,1,
35,043,3,
35,045,3,
35,047,3,
35,049,1,
35,049,3,
35,051,2,
35,053,2,
35,055,3,
35,057,1,
35,059,3,
35,061,1,
35,061,2,
36,001,20,
36,003,23,
36,005,13,
36,005,14,
36,005,15,
36,005,16,
36,007,19,
36,007,22,
36,009,23,
36,011,24,
36,013,23,
36,015,23,
36,017,22,
36,019,21,
36,021,19,
36,023,22,
36,025,19,
36,027,18,
36,027,19,
36,029,26,
36,029,27,
36,031,21,
36,033,21,
36,035,21,
36,037,27,
36,039,19,
36,041,21,
36,043,21,
36,043,22,
36,045,21,
36,047,7,
36,047,8,
36,047,9,
36,047,10,
36,047,11,
36,047,12,
36,049,21,
36,051,27,
36,053,22,
36,055,25,
36,055,27,
36,057,19,
36,057,20,
36,059,2,
36,059,3,
36,059,4,
36,059,5,
36,061,7,
36,061,10,
36,061,12,
36,061,13,
36,063,26,
36,063,27,
36,065,22,
36,067,24,
36,069,23,
36,069,27,
36,071,18,
36,073,27,
36,075,22,
36,075,24,
36,077,19,
36,079,18,
36,081,3,
36,081,5,
36,081,6,
36,081,7,
36,081,8,
36,081,12,
36,081,14,
36,083,19,
36,083,20,
36,085,11,
36,087,17,
36,089,21,
36,091,20,
36,091,21,
36,093,20,
36,095,19,
36,097,23,
36,099,23,
36,101,23,
36,103,1,
36,103,2,
36,103,3,
36,105,19,
36,107,22,
36,107,23,
36,109,23,
36,111,19,
36,113,21,
36,115,21,
36,117,24,
36,119,16,
36,119,17,
36,119,18,
36,121,27,
36,123,23,
37,001,6,
37,003,5,
37,005,5,
37,007,9,
37,009,5,
37,011,5,
37,013,3,
37,015,1,
37,017,7,
37,017,9,
37,019,7,
37,021,10,
37,021,11,
37,023,11,
37,025,8,
37,027,11,
37,029,3,
37,031,3,
37,033,6,
37,035,5,
37,035,10,
37,037,6,
37,039,11,
37,041,3,
37,043,11,
37,045,10,
37,047,7,
37,049,3,
37,051,8,
37,051,9,
37,053,3,
37,055,3,
37,057,13,
37,059,13,
37,061,7,
37,063,1,
37,063,4,
37,065,1,
37,067,5,
37,069,2,
37,071,10,
37,073,1,
37,075,11,
37,077,1,
37,079,3,
37,081,6,
37,081,13,
37,083,1,
37,085,2,
37,087,11,
37,089,11,
37,091,1,
37,093,8,
37,095,3,
37,097,10,
37,097,13,
37,099,11,
37,101,2,
37,101,7,
37,103,3,
37,105,6,
37,107,3,
37,109,10,
37,111,11,
37,113,11,
37,115,11,
37,117,1,
37,119,9,
37,119,12,
37,121,11,
37,123,8,
37,125,8,
37,127,2,
37,129,7,
37,131,1,
37,133,3,
37,135,4,
37,137,3,
37,139,3,
37,141,7,
37,143,3,
37,145,6,
37,147,1,
37,147,3,
37,149,10,
37,151,6,
37,153,9,
37,155,9,
37,157,6,
37,159,8,
37,159,13,
37,161,10,
37,163,7,
37,165,9,
37,167,8,
37,169,5,
37,171,5,
37,173,11,
37,175,11,
37,177,3,
37,179,9,
37,181,1,
37,183,2,
37,183,4,
37,185,1,
37,187,1,
37,189,5,
37,191,7,
37,193,5,
37,195,1,
37,195,2,
37,197,5,
37,199,11,
39,001,2,
39,003,4,
39,005,7,
39,007,14,
39,009,6,
39,009,15,
39,011,4,
39,013,6,
39,015,2,
39,017,8,
39,019,6,
39,021,4,
39,023,8,
39,025,2,
39,027,15,
39,029,6,
39,031,7,
39,033,4,
39,035,9,
39,035,11,
39,035,14,
39,035,16,
39,037,8,
39,039,5,
39,041,12,
39,043,4,
39,043,9,
39,045,15,
39,047,10,
39,047,15,
39,049,3,
39,049,12,
39,049,15,
39,051,5,
39,053,6,
39,055,14,
39,057,10,
39,059,6,
39,061,1,
39,061,2,
39,063,5,
39,065,5,
39,067,6,
39,069,5,
39,071,2,
39,073,15,
39,075,7,
39,077,4,
39,077,7,
39,079,6,
39,081,6,
39,083,7,
39,085,14,
39,087,6,
39,089,12,
39,091,4,
39,093,4,
39,093,7,
39,093,9,
39,095,5,
39,095,9,
39,097,15,
39,099,6,
39,099,13,
39,101,4,
39,101,12,
39,103,7,
39,103,16,
39,105,6,
39,107,4,
39,107,5,
39,107,8,
39,109,8,
39,111,6,
39,113,10,
39,115,15,
39,117,12,
39,119,6,
39,119,12,
39,121,6,
39,123,5,
39,123,9,
39,125,5,
39,127,15,
39,129,15,
39,131,2,
39,133,13,
39,133,14,
39,133,16,
39,135,8,
39,137,5,
39,139,7,
39,139,12,
39,141,2,
39,141,15,
39,143,4,
39,145,2,
39,145,6,
39,147,4,
39,149,4,
39,151,7,
39,151,13,
39,151,16,
39,153,11,
39,153,13,
39,153,14,
39,153,16,
39,155,13,
39,155,14,
39,157,6,
39,157,7,
39,159,4,
39,161,5,
39,163,15,
39,165,1,
39,167,6,
39,169,16,
39,171,5,
39,173,5,
39,175,5,
40,001,2,
40,003,3,
40,005,2,
40,007,3,
40,009,3,
40,011,3,
40,013,2,
40,015,3,
40,017,3,
40,017,4,
40,019,4,
40,021,2,
40,023,2,
40,025,3,
40,027,4,
40,029,2,
40,031,4,
40,033,4,
40,035,2,
40,037,1,
40,037,3,
40,039,3,
40,041,2,
40,043,3,
40,045,3,
40,047,3,
40,049,4,
40,051,4,
40,053,3,
40,055,3,
40,057,3,
40,059,3,
40,061,2,
40,063,2,
40,065,3,
40,067,4,
40,069,2,
40,071,3,
40,073,3,
40,075,3,
40,077,2,
40,079,2,
40,081,3,
40,083,3,
40,085,4,
40,087,4,
40,089,2,
40,091,2,
40,093,3,
40,095,2,
40,097,2,
40,099,4,
40,101,2,
40,103,3,
40,105,2,
40,107,2,
40,109,4,
40,109,5,
40,111,2,
40,113,3,
40,115,2,
40,117,3,
40,119,3,
40,121,2,
40,123,4,
40,125,5,
40,127,2,
40,129,3,
40,131,1,
40,131,2,
40,133,5,
40,135,2,
40,137,4,
40,139,3,
40,141,4,
40,143,1,
40,145,1,
40,147,1,
40,149,3,
40,151,3,
40,153,3,
41,001,2,
41,003,4,
41,003,5,
41,005,3,
41,005,5,
41,007,1,
41,009,1,
41,011,4,
41,013,2,
41,015,4,
41,017,2,
41,019,4,
41,021,2,
41,023,2,
41,025,2,
41,027,2,
41,029,2,
41,031,2,
41,033,2,
41,033,4,
41,035,2,
41,037,2,
41,039,4,
41,041,5,
41,043,4,
41,045,2,
41,047,5,
41,049,2,
41,051,1,
41,051,3,
41,051,5,
41,053,5,
41,055,2,
41,057,5,
41,059,2,
41,061,2,
41,063,2,
41,065,2,
41,067,1,
41,069,2,
41,071,1,
42,001,4,
42,003,12,
42,003,14,
42,003,18,
42,005,3,
42,007,12,
42,009,9,
42,011,6,
42,011,7,
42,011,15,
42,011,16,
42,013,9,
42,015,10,
42,017,8,
42,019,3,
42,021,9,
42,021,12,
42,023,5,
42,025,11,
42,025,17,
42,027,5,
42,029,6,
42,029,7,
42,029,16,
42,031,3,
42,031,5,
42,033,5,
42,035,5,
42,037,11,
42,039,3,
42,039,5,
42,041,4,
42,041,11,
42,043,4,
42,043,11,
42,043,15,
42,045,1,
42,045,7,
42,047,5,
42,049,3,
42,049,5,
42,051,9,
42,053,5,
42,055,9,
42,057,9,
42,059,9,
42,059,18,
42,061,5,
42,061,9,
42,063,9,
42,065,5,
42,067,10,
42,069,10,
42,069,17,
42,071,7,
42,071,16,
42,073,3,
42,073,12,
42,075,6,
42,075,15,
42,077,15,
42,079,11,
42,079,17,
42,081,10,
42,083,5,
42,085,3,
42,087,10,
42,089,10,
42,089,17,
42,091,2,
42,091,6,
42,091,7,
42,091,8,
42,091,13,
42,093,11,
42,095,15,
42,095,17,
42,097,10,
42,097,11,
42,099,10,
42,099,11,
42,101,1,
42,101,2,
42,101,13,
42,103,10,
42,105,5,
42,107,17,
42,109,10,
42,111,9,
42,111,12,
42,113,10,
42,115,10,
42,117,5,
42,117,10,
42,119,10,
42,121,5,
42,123,5,
42,125,9,
42,125,18,
42,127,10,
42,129,9,
42,129,12,
42,129,14,
42,129,18,
42,131,11,
42,133,4,
44,001,1,
44,003,2,
44,005,1,
44,007,1,
44,007,2,
44,009,2,
45,001,3,
45,003,2,
45,005,6,
45,007,3,
45,009,6,
45,011,2,
45,013,1,
45,013,6,
45,015,1,
45,015,6,
45,017,6,
45,019,1,
45,019,6,
45,021,5,
45,023,5,
45,025,7,
45,027,6,
45,029,1,
45,029,6,
45,031,7,
45,033,7,
45,035,1,
45,035,6,
45,037,3,
45,039,5,
45,041,6,
45,041,7,
45,043,7,
45,045,3,
45,045,4,
45,047,3,
45,049,6,
45,051,7,
45,053,6,
45,055,5,
45,057,5,
45,059,3,
45,061,5,
45,063,2,
45,065,3,
45,067,7,
45,069,7,
45,071,3,
45,071,5,
45,073,3,
45,075,2,
45,075,6,
45,077,3,
45,079,2,
45,079,6,
45,081,3,
45,083,4,
45,083,5,
45,085,5,
45,085,6,
45,087,5,
45,089,6,
45,091,5,
47,001,3,
47,003,4,
47,005,7,
47,005,8,
47,007,4,
47,009,2,
47,011,3,
47,011,4,
47,013,2,
47,013,3,
47,015,6,
47,017,8,
47,019,1,
47,021,5,
47,021,6,
47,023,7,
47,025,2,
47,027,6,
47,029,1,
47,031,6,
47,033,8,
47,035,6,
47,037,5,
47,039,7,
47,041,6,
47,043,5,
47,045,8,
47,047,8,
47,049,6,
47,051,4,
47,053,8,
47,055,7,
47,057,2,
47,059,1,
47,061,4,
47,063,1,
47,065,3,
47,067,1,
47,069,7,
47,071,7,
47,073,1,
47,075,8,
47,077,7,
47,079,8,
47,081,7,
47,083,7,
47,085,7,
47,087,6,
47,089,1,
47,089,2,
47,091,1,
47,093,2,
47,095,8,
47,097,8,
47,099,7,
47,101,7,
47,103,4,
47,105,2,
47,107,3,
47,109,7,
47,111,6,
47,113,8,
47,115,4,
47,117,4,
47,119,4,
47,119,7,
47,121,4,
47,123,3,
47,125,7,
47,127,4,
47,129,3,
47,131,8,
47,133,6,
47,135,7,
47,137,6,
47,139,3,
47,141,6,
47,143,4,
47,145,3,
47,147,6,
47,149,4,
47,151,3,
47,153,4,
47,155,1,
47,157,8,
47,157,9,
47,159,6,
47,161,7,
47,163,1,
47,165,6,
47,167,8,
47,169,6,
47,171,1,
47,173,3,
47,175,4,
47,175,6,
47,177,4,
47,179,1,
47,181,7,
47,183,8,
47,185,6,
47,187,7,
47,189,6,
48,001,5,
48,003,11,
48,005,1,
48,007,27,
48,009,13,
48,011,13,
48,013,28,
48,015,10,
48,017,19,
48,019,21,
48,021,10,
48,021,17,
48,021,27,
48,023,13,
48,025,34,
48,027,25,
48,027,31,
48,029,20,
48,029,21,
48,029,23,
48,029,28,
48,029,35,
48,031,21,
48,033,19,
48,035,25,
48,037,4,
48,039,14,
48,039,22,
48,041,17,
48,043,23,
48,045,13,
48,047,15,
48,049,11,
48,051,17,
48,053,25,
48,055,27,
48,055,35,
48,057,27,
48,059,11,
48,061,34,
48,063,4,
48,065,13,
48,067,4,
48,069,19,
48,071,14,
48,071,36,
48,073,5,
48,075,13,
48,077,13,
48,079,19,
48,081,11,
48,083,11,
48,085,3,
48,085,4,
48,085,32,
48,087,13,
48,089,10,
48,091,21,
48,091,35,
48,093,11,
48,095,11,
48,097,13,
48,099,25,
48,101,13,
48,103,23,
48,105,23,
48,107,19,
48,109,23,
48,111,13,
48,113,5,
48,113,24,
48,113,26,
48,113,30,
48,113,32,
48,113,33,
48,115,11,
48,117,13,
48,119,4,
48,121,24,
48,121,26,
48,123,34,
48,125,13,
48,127,23,
48,129,13,
48,131,15,
48,133,11,
48,135,11,
48,137,23,
48,139,6,
48,141,16,
48,141,23,
48,143,11,
48,143,25,
48,145,17,
48,147,4,
48,149,10,
48,151,19,
48,153,13,
48,153,19,
48,155,13,
48,157,9,
48,157,22,
48,159,4,
48,161,17,
48,163,23,
48,165,19,
48,167,14,
48,169,19,
48,171,21,
48,173,11,
48,175,34,
48,177,27,
48,177,34,
48,179,13,
48,181,4,
48,183,1,
48,185,8,
48,187,15,
48,187,35,
48,189,19,
48,191,13,
48,193,25,
48,195,13,
48,197,13,
48,199,36,
48,201,2,
48,201,7,
48,201,8,
48,201,9,
48,201,10,
48,201,18,
48,201,22,
48,201,29,
48,201,36,
48,203,1,
48,205,13,
48,207,19,
48,209,21,
48,209,25,
48,209,35,
48,211,13,
48,213,5,
48,215,15,
48,215,28,
48,215,34,
48,217,25,
48,219,19,
48,221,11,
48,223,4,
48,225,8,
48,227,19,
48,229,23,
48,231,4,
48,233,13,
48,235,11,
48,237,13,
48,239,27,
48,241,36,
48,243,23,
48,245,14,
48,247,15,
48,249,34,
48,251,25,
48,253,19,
48,255,15,
48,257,5,
48,259,21,
48,261,34,
48,263,19,
48,265,21,
48,267,11,
48,269,13,
48,271,23,
48,273,34,
48,275,13,
48,277,4,
48,279,19,
48,281,25,
48,283,23,
48,283,28,
48,285,27,
48,287,10,
48,287,17,
48,289,8,
48,289,17,
48,291,36,
48,293,17,
48,295,13,
48,297,15,
48,299,11,
48,301,23,
48,303,19,
48,305,19,
48,307,11,
48,309,17,
48,311,28,
48,313,8,
48,315,4,
48,317,11,
48,319,11,
48,321,27,
48,323,23,
48,325,23,
48,327,11,
48,329,11,
48,331,17,
48,333,11,
48,335,11,
48,337,13,
48,339,8,
48,341,13,
48,343,4,
48,345,13,
48,347,1,
48,349,6,
48,351,36,
48,353,19,
48,355,27,
48,357,13,
48,359,13,
48,361,36,
48,363,11,
48,365,1,
48,367,12,
48,369,19,
48,371,23,
48,373,36,
48,375,13,
48,377,23,
48,379,4,
48,381,13,
48,383,23,
48,385,21,
48,387,4,
48,389,23,
48,391,27,
48,393,13,
48,395,17,
48,397,4,
48,399,11,
48,401,1,
48,403,1,
48,405,1,
48,407,8,
48,409,27,
48,409,34,
48,411,11,
48,413,23,
48,415,19,
48,417,19,
48,419,1,
48,421,13,
48,423,1,
48,425,25,
48,427,28,
48,429,11,
48,429,19,
48,431,11,
48,433,19,
48,435,23,
48,437,13,
48,439,6,
48,439,12,
48,439,24,
48,439,25,
48,439,26,
48,439,33,
48,441,19,
48,443,23,
48,445,19,
48,447,19,
48,449,4,
48,451,11,
48,453,10,
48,453,17,
48,453,21,
48,453,25,
48,453,35,
48,455,8,
48,457,36,
48,459,1,
48,459,4,
48,461,23,
48,463,23,
48,465,23,
48,467,5,
48,469,27,
48,471,8,
48,473,10,
48,475,23,
48,477,10,
48,479,28,
48,481,27,
48,483,13,
48,485,13,
48,487,13,
48,489,34,
48,491,31,
48,493,15,
48,493,28,
48,495,23,
48,497,12,
48,497,13,
48,499,1,
48,499,5,
48,501,19,
48,503,19,
48,505,28,
48,507,23,
49,001,2,
49,003,1,
49,005,1,
49,007,3,
49,009,1,
49,011,1,
49,011,2,
49,013,1,
49,015,3,
49,017,2,
49,019,3,
49,021,2,
49,023,2,
49,023,4,
49,025,2,
49,027,2,
49,029,1,
49,031,2,
49,033,1,
49,035,2,
49,035,3,
49,035,4,
49,037,3,
49,039,2,
49,039,4,
49,041,2,
49,043,1,
49,045,2,
49,047,1,
49,049,3,
49,049,4,
49,051,3,
49,053,2,
49,055,2,
49,057,1,
51,001,2,
51,003,5,
51,005,9,
51,007,7,
51,009,6,
51,011,5,
51,013,8,
51,015,6,
51,017,6,
51,019,5,
51,019,6,
51,021,9,
51,023,6,
51,025,5,
51,027,9,
51,029,5,
51,031,5,
51,033,1,
51,035,9,
51,036,4,
51,037,5,
51,041,4,
51,041,7,
51,043,10,
51,045,9,
51,047,7,
51,049,5,
51,051,9,
51,053,4,
51,057,1,
51,059,8,
51,059,10,
51,059,11,
51,061,1,
51,061,5,
51,063,9,
51,065,5,
51,067,5,
51,069,10,
51,071,9,
51,073,1,
51,075,7,
51,077,9,
51,079,5,
51,081,4,
51,083,5,
51,085,1,
51,087,4,
51,087,7,
51,089,5,
51,089,9,
51,091,6,
51,093,3,
51,095,1,
51,095,2,
51,097,1,
51,099,1,
51,101,1,
51,103,1,
51,105,9,
51,107,10,
51,109,7,
51,111,5,
51,113,5,
51,115,1,
51,117,5,
51,119,1,
51,121,9,
51,125,5,
51,127,1,
51,131,2,
51,133,1,
51,135,7,
51,137,7,
51,139,6,
51,141,9,
51,143,5,
51,145,7,
51,147,5,
51,149,4,
51,153,1,
51,153,10,
51,153,11,
51,155,9,
51,157,5,
51,159,1,
51,161,6,
51,161,9,
51,163,6,
51,165,6,
51,167,9,
51,169,9,
51,171,6,
51,173,9,
51,175,4,
51,177,1,
51,177,7,
51,179,1,
51,181,4,
51,183,4,
51,185,9,
51,187,6,
51,191,9,
51,193,1,
51,195,9,
51,197,9,
51,199,2,
51,510,8,
51,515,5,
51,520,9,
51,530,6,
51,540,5,
51,550,3,
51,550,4,
51,570,4,
51,580,9,
51,590,5,
51,595,4,
51,600,11,
51,610,8,
51,620,3,
51,630,1,
51,640,9,
51,650,2,
51,650,3,
51,660,6,
51,670,4,
51,678,6,
51,680,6,
51,683,10,
51,685,10,
51,690,9,
51,700,3,
51,710,2,
51,710,3,
51,720,9,
51,730,4,
51,735,2,
51,740,3,
51,750,9,
51,760,4,
51,770,6,
51,775,9,
51,790,6,
51,800,3,
51,800,4,
51,810,2,
51,820,6,
51,830,2,
51,840,10,
53,001,4,
53,003,5,
53,005,4,
53,007,8,
53,009,6,
53,011,3,
53,013,5,
53,015,3,
53,017,4,
53,017,8,
53,019,5,
53,021,4,
53,023,5,
53,025,4,
53,027,6,
53,029,2,
53,031,6,
53,033,1,
53,033,7,
53,033,8,
53,033,9,
53,035,6,
53,037,8,
53,039,3,
53,041,3,
53,043,5,
53,045,6,
53,045,10,
53,047,4,
53,049,3,
53,051,5,
53,053,6,
53,053,8,
53,053,9,
53,053,10,
53,055,2,
53,057,1,
53,057,2,
53,059,3,
53,061,1,
53,061,2,
53,061,7,
53,063,5,
53,065,5,
53,067,3,
53,067,10,
53,069,3,
53,071,4,
53,071,5,
53,073,1,
53,073,2,
53,075,5,
53,077,4,
54,001,1,
54,003,2,
54,005,3,
54,007,2,
54,009,1,
54,011,3,
54,013,2,
54,015,2,
54,017,1,
54,019,3,
54,021,1,
54,023,1,
54,025,3,
54,027,2,
54,029,1,
54,031,2,
54,033,1,
54,035,2,
54,037,2,
54,039,2,
54,041,2,
54,043,3,
54,045,3,
54,047,3,
54,049,1,
54,051,1,
54,053,3,
54,055,3,
54,057,1,
54,059,3,
54,061,1,
54,063,3,
54,065,2,
54,067,3,
54,069,1,
54,071,2,
54,073,1,
54,075,3,
54,077,1,
54,079,2,
54,081,3,
54,083,2,
54,085,1,
54,087,2,
54,089,3,
54,091,1,
54,093,1,
54,095,1,
54,097,2,
54,099,3,
54,101,3,
54,103,1,
54,105,2,
54,107,1,
54,109,3,
55,001,3,
55,003,7,
55,005,7,
55,007,7,
55,009,8,
55,011,3,
55,013,7,
55,015,8,
55,017,3,
55,017,7,
55,019,7,
55,021,6,
55,023,3,
55,025,2,
55,027,5,
55,027,6,
55,029,8,
55,031,7,
55,033,3,
55,035,3,
55,037,7,
55,039,6,
55,041,7,
55,043,3,
55,045,2,
55,047,6,
55,049,2,
55,051,7,
55,053,3,
55,053,7,
55,055,5,
55,057,3,
55,057,7,
55,059,1,
55,061,8,
55,063,3,
55,065,2,
55,067,7,
55,069,7,
55,071,6,
55,073,7,
55,075,8,
55,077,6,
55,078,8,
55,079,1,
55,079,4,
55,079,5,
55,079,6,
55,081,3,
55,081,7,
55,083,8,
55,085,7,
55,087,8,
55,089,6,
55,091,3,
55,093,3,
55,095,7,
55,097,3,
55,099,7,
55,101,1,
55,103,2,
55,103,3,
55,105,1,
55,105,2,
55,107,7,
55,109,7,
55,111,2,
55,113,7,
55,115,8,
55,117,6,
55,119,7,
55,121,3,
55,123,3,
55,125,7,
55,127,1,
55,127,5,
55,129,7,
55,131,5,
55,133,1,
55,133,4,
55,133,5,
55,135,8,
55,137,6,
55,139,6,
55,139,8,
55,141,3,
55,141,7,